Link,Title,Summary,Date
./articles/CAIiEMVIp06ZbJ-q8e2oun_pxz0qGAgEKg8IACoHCAow5v6PATDrwA8wr93OBg?hl=en-IN&gl=IN&ceid=IN%3Aen,"Sensex, Nifty hold gains as investors pin hope to govt's fiscal package","Indian equity markets managed to hold decent gains, after rising as much as 5% intraday. Key indices were volatile in opening trade, but traded higher later in ...",2020-03-24 03:02:22
./articles/CBMihAFodHRwczovL3d3dy5tb25leWNvbnRyb2wuY29tL25ld3MvYnVzaW5lc3Mvc3RvY2tzL2luZm9zeXMtc2hhcmUtcHJpY2UtcmFsbGllcy0xMC1vbi1zZWMtYWxsLWNsZWFyLWluLXdoaXN0bGVibG93ZXItY2FzZS01MDY1ODIxLmh0bWzSAYgBaHR0cHM6Ly93d3cubW9uZXljb250cm9sLmNvbS9uZXdzL2J1c2luZXNzL3N0b2Nrcy9pbmZvc3lzLXNoYXJlLXByaWNlLXJhbGxpZXMtMTAtb24tc2VjLWFsbC1jbGVhci1pbi13aGlzdGxlYmxvd2VyLWNhc2UtNTA2NTgyMS5odG1sL2FtcA?hl=en-IN&gl=IN&ceid=IN%3Aen,Infosys gets clean chit from SEC on whistleblower complaint; stock rallies 10%,Shares of Infosys rallied 10 percent on Tuesday after it clarified on the whistleblower complaint that the US Securities & Exchange Commission (SEC) has ...,2020-03-24 07:42:00
./articles/CAIiEFz0mbA5LXI-MeZR6UcrM08qGQgEKhAIACoHCAowot7cCjD8xM4BMK7khgI?hl=en-IN&gl=IN&ceid=IN%3Aen,No salary deduction during flight ban: IndiGo assures staff,Budget carrier IndiGo has assured its employees that it will not make any deduction in their salaries or leaves due to the suspension of domestic flights till March ...,2020-03-24 09:08:02
./articles/CAIiEGY-4_RIYc9KpI0C8nJJ3zQqGQgEKhAIACoHCAowlbCPCzCrzaIDMLL1zQY?hl=en-IN&gl=IN&ceid=IN%3Aen,Coronavirus Pandemic: Hero Cycles Allocates Rs 100 Crore Contingency Fund,Hero Cycles has announced that the company is setting aside ₹ 100 crore as a contingency fund to address and mitigate the impact of the Covid-19 outbreak on ...,2020-03-24 09:30:06
./articles/CBMimgFodHRwczovL3d3dy5meGVtcGlyZS5jb20vZm9yZWNhc3RzL2FydGljbGUvcHJpY2Utb2YtZ29sZC1mdW5kYW1lbnRhbC1kYWlseS1mb3JlY2FzdC1zdXJnaW5nLWluLXJlYWN0aW9uLXRvLWZlZHMtbWFzc2l2ZS1tZWFzdXJlcy10by1zdXBwb3J0LWVjb25vbXktNjQwNDU50gEA?hl=en-IN&gl=IN&ceid=IN%3Aen,"Gold prices today jump ₹600 per 10 gram, silver rates surge about ₹2,000",Gold rates in India have seen a wide swing this month.Prices rose to a record high of about ₹45000 per 10 gram and thereafter saw a sharp correction.,2020-03-24 03:53:37
./articles/CBMidmh0dHBzOi8vd3d3LmxpdmVtaW50LmNvbS9uZXdzL2luZGlhL3J1cGVlLWRvbGxhci1leGNoYW5nZS1yYXRlLXRvZGF5LWluci1yaXNlcy1zaGFycGx5LWFnYWluc3QtdXNkLTExNTg1MDE5OTkwMTI4Lmh0bWzSAXpodHRwczovL3d3dy5saXZlbWludC5jb20vbmV3cy9pbmRpYS9ydXBlZS1kb2xsYXItZXhjaGFuZ2UtcmF0ZS10b2RheS1pbnItcmlzZXMtc2hhcnBseS1hZ2FpbnN0LXVzZC9hbXAtMTE1ODUwMTk5OTAxMjguaHRtbA?hl=en-IN&gl=IN&ceid=IN%3Aen,"Indian rupee to average at 77 per US dollar in 2020, 80 in 2021: Fitch Solutions","Fitch Solutions on Tuesday revised down its forecast for the Indian rupee, saying the currency will average 77 per US dollar in 2020 and 80 in 2021 amid ...",2020-03-24 09:24:25
./articles/CBMijAFodHRwczovL2F1dG8uaGluZHVzdGFudGltZXMuY29tL2F1dG8vbmV3cy9jb3JvbmF2aXJ1cy1leGNpc2Utb24tZnVlbHMtbWF5LWdvLXVwLWJ5LXVwdG8tcnMtOC1wZXItbGl0cmUtdG8tZmlnaHQtY292aWQtMTktNDE1ODUwMjUxOTc1ODIuaHRtbNIBkAFodHRwczovL2F1dG8uaGluZHVzdGFudGltZXMuY29tL2F1dG8vbmV3cy9jb3JvbmF2aXJ1cy1leGNpc2Utb24tZnVlbHMtbWF5LWdvLXVwLWJ5LXVwdG8tcnMtOC1wZXItbGl0cmUtdG8tZmlnaHQtY292aWQtMTkvYW1wLTQxNTg1MDI1MTk3NTgyLmh0bWw?hl=en-IN&gl=IN&ceid=IN%3Aen,Coronavirus impact | Government raises cap on excise duty on petrol and diesel,"The government has increased the cap on special additional excise duty on petrol and diesel by Rs 18 and Rs 12 per litre, according to amendments passed in ...",2020-03-24 07:58:00
./articles/CAIiEKdsQhfkWakmmC5AVeaiNckqGQgEKhAIACoHCAow55veCjDzvdUBMOW45gU?hl=en-IN&gl=IN&ceid=IN%3Aen,Airtel proposes roaming pact to all telcos to avoid service interruption,"Telecom operator Bharti Airtel has written to its competitors Reliance Jio, Vodafone Idea, BSNL and MTNL for a roaming agreement to facilitate uninterrupted ...",2020-03-24 08:50:16
./articles/CBMidmh0dHBzOi8vdGVjaC5lY29ub21pY3RpbWVzLmluZGlhdGltZXMuY29tL25ld3MvaW50ZXJuZXQvZmFjaW5nLWN1cmJzLWUtY29tbWVyY2UtY29zLWhhbHQtcGlja3Vwcy1mcm9tLXZlbmRvcnMvNzQ3ODIyNDLSAXpodHRwczovL3RlY2guZWNvbm9taWN0aW1lcy5pbmRpYXRpbWVzLmNvbS9hbXAvbmV3cy9pbnRlcm5ldC9mYWNpbmctY3VyYnMtZS1jb21tZXJjZS1jb3MtaGFsdC1waWNrdXBzLWZyb20tdmVuZG9ycy83NDc4MjI0Mg?hl=en-IN&gl=IN&ceid=IN%3Aen,"Your Amazon and Flipkart deliveries will continue during the lockdown, though there might be delays","E-commerce comes under the essential services umbrella, this means that delivery agents from Amazon, Flipkart, Zomato, Swiggy, Bigbasket, Grofers and ...",2020-03-23 06:38:00
./articles/CAIiEKliyOqHgOivwAmAjHvN34kqGQgEKhAIACoHCAowlbCPCzCrzaIDMOjUrgY?hl=en-IN&gl=IN&ceid=IN%3Aen,"Want cash but cannot go to bank ATM? Get money at home even in times of coronavirus; how SBI, ICICI Bank, H...","Due to Coronavirus lockdown bank account holders will find it difficult to visit bank ATMs. But relief is here! Many big banks including SBI, ICICI Bank, HDFC ...",2020-03-23 14:07:56
./articles/CAIiEIYaELJwW1NHnAWS8q_g9a0qGQgEKhAIACoHCAownIGCCzDFtv4CMP3aswY?hl=en-IN&gl=IN&ceid=IN%3Aen,Coronavirus pandemic | This Indian company's test kits have received commercial approval,"Pune-based Mylab Discovery Solutions is the first Indian company to receive commercial approval for its novel coronavirus, or COVID-19, testing kits. The testing ...",2020-03-24 11:18:21
./articles/CAIiEHCOMpVvsXGL7iwEbrFje3AqGQgEKhAIACoHCAowiYr-CjD1iIoDMIuFzwY?hl=en-IN&gl=IN&ceid=IN%3Aen,"Mukesh Ambani’s mega plan to fight Coronavirus: Reliance Jio, Retail, Life Sciences come together to help govt","Mukesh Ambani's RIL has mega plans to fight coronavirus, with the conglomerate planning to deploy the capacity of all its arms including Reliance Retail, Jio ...",2020-03-23 12:57:12
./articles/CAIiEP2BgL_5_IiSF3YZMlPwXAsqGQgEKhAIACoHCAowkZHwCjCiyLcCMJf4hQM?hl=en-IN&gl=IN&ceid=IN%3Aen,Coronavirus in India: How corporate India is helping tackle virus outbreak,"From making masks and sanitisers to contributing funds, many Indian companies have united to help citizens and government fight the Covid-19 outbreak in the ...",2020-03-24 03:55:02
./articles/CAIiEGLl7Uxo0FDos3zJNB9ITZYqFggEKg0IACoGCAow8KsBMMBFMJ79zQY?hl=en-IN&gl=IN&ceid=IN%3Aen,"Coronavirus impact: Suspend HD videos, COAI tells Netflix, Hotstar, other OTTs","Netflix, Facebook, Disney, Amazon and YouTube have also committed to lowering bit rates in Europe.",2020-03-23 14:02:23
./articles/CAIiEOWqaY9MuDCZYdJXsLp_ZYgqGQgEKhAIACoHCAow55veCjDzvdUBMIPh5gU?hl=en-IN&gl=IN&ceid=IN%3Aen,RBI changes accounting year to July 2020-Mar 2021 to match Centres fiscal year in FY22 - Republic World,"Matching the RBI's accounting year with the Centre's fiscal year, the Central bank - Reserve Bank of India (RBI) decided to cut short its next accounting year.",2020-03-23 17:39:34
./articles/CBMiswFodHRwczovL3d3dy5idXNpbmVzc2luc2lkZXIuaW4vc2NpZW5jZS9uZXdzL3RlY2gtYmlsbGlvbmFpcmVzLWluY2x1ZGluZy10aW0tY29vay1lbG9uLW11c2stYW5kLW1hcmstenVja2VyYmVyZy1wcm9taXNlZC0xOC1taWxsaW9uLW1hc2tzLXRvLWZpZ2h0LWNvdmlkLTE5L2FydGljbGVzaG93Lzc0Nzc3MjA1LmNtc9IBtwFodHRwczovL3d3dy5idXNpbmVzc2luc2lkZXIuaW4vc2NpZW5jZS9uZXdzL3RlY2gtYmlsbGlvbmFpcmVzLWluY2x1ZGluZy10aW0tY29vay1lbG9uLW11c2stYW5kLW1hcmstenVja2VyYmVyZy1wcm9taXNlZC0xOC1taWxsaW9uLW1hc2tzLXRvLWZpZ2h0LWNvdmlkLTE5L2FtcF9hcnRpY2xlc2hvdy83NDc3NzIwNS5jbXM?hl=en-IN&gl=IN&ceid=IN%3Aen,"Elon Musk rushes 1,200 ventilators to Los Angeles, CA Governor confirms","Tesla and SpaceX CEO Elon Musk has donated over 1,200 ventilators on Monday, staying true to his word that he will do what he can to support medical ...",2020-03-24 06:55:57
./articles/CAIiELkNUvQLTBrDkvB5ZrNkKUYqMwgEKioIACIQKEE3OXg4IjLjNuXUacJmBCoUCAoiEChBNzl4OCIy4zbl1GnCZgQwqPDFBg?hl=en-IN&gl=IN&ceid=IN%3Aen,Coronavirus: Kia suspends operations at one of India's biggest car factories,Kia has temporarily suspended all its operations with immediate effect over coronavirus concerns..The suspension also includes work at Kia's 23 million square ...,2020-03-23 11:18:02
./articles/CAIiEFPRRBlPuLQZAYIABS774goqGQgEKhAIACoHCAow5qqNCzD4q58DMJahzgY?hl=en-IN&gl=IN&ceid=IN%3Aen,"This recession will surely be as bad as 2008 global financial crisis, if not worse: IMF",Washington: The International Monetary Fund said it expects a global recession this year that will be at least as severe as the downturn during the financial crisis ...,2020-03-24 04:16:00
./articles/CBMiiQFodHRwczovL3d3dy5tb25leWNvbnRyb2wuY29tL25ld3MvYnVzaW5lc3MvbWFya2V0cy9odWwtc2hhcmUtcHJpY2UtanVtcHMtNi1hZnRlci1hY3F1aXJpbmctaHlnaWVuZS1icmFuZC12d2FzaC1mcm9tLWdsZW5tYXJrLTUwNjUyNTEuaHRtbNIBjQFodHRwczovL3d3dy5tb25leWNvbnRyb2wuY29tL25ld3MvYnVzaW5lc3MvbWFya2V0cy9odWwtc2hhcmUtcHJpY2UtanVtcHMtNi1hZnRlci1hY3F1aXJpbmctaHlnaWVuZS1icmFuZC12d2FzaC1mcm9tLWdsZW5tYXJrLTUwNjUyNTEuaHRtbC9hbXA?hl=en-IN&gl=IN&ceid=IN%3Aen,HUL zooms 10% after announcing acquisition of Vwash from Glenmark,"Shares of Hindustan Unilever (HUL) surged 10 per cent to Rs 2,059.80 on the BSE on Tuesday after the consumer goods major announced the acquisition of ...",2020-03-24 05:26:06
./articles/CBMihAFodHRwczovL3d3dy5tb25leWNvbnRyb2wuY29tL25ld3MvYnVzaW5lc3MvbWFya2V0cy9zdGVybGl0ZS10ZWNoLXNoYXJlLXByaWNlLWp1bXBzLTgtYWZ0ZXItYm9hcmQtYXBwcm92ZXMtc2hhcmUtYnV5YmFjay01MDY1ODExLmh0bWzSAYgBaHR0cHM6Ly93d3cubW9uZXljb250cm9sLmNvbS9uZXdzL2J1c2luZXNzL21hcmtldHMvc3RlcmxpdGUtdGVjaC1zaGFyZS1wcmljZS1qdW1wcy04LWFmdGVyLWJvYXJkLWFwcHJvdmVzLXNoYXJlLWJ1eWJhY2stNTA2NTgxMS5odG1sL2FtcA?hl=en-IN&gl=IN&ceid=IN%3Aen,Sterlite Technologies approves buyback of shares up to Rs 145 crore,Sterlite Technologies on Tuesday said its board of directors has approved buyback of equity shares with a face value of Rs 2 from the open market for a total ...,2020-03-24 05:54:18
./articles/CAIiEGYSESI9TRy3K_S42fpmqmYqGQgEKhAIACoHCAow5qqNCzD4q58DMJahzgY?hl=en-IN&gl=IN&ceid=IN%3Aen,Historic Fed boost fails to stop Wall Street's virus-driven sell-off; S&P 500 on pace for worst month...,"Wall Street's slide deepened on Monday as the rapidly spreading coronavirus forced more US states into lockdown, overshadowing unprecedented moves by ...",2020-03-24 01:46:26
./articles/CBMiW2h0dHBzOi8vZ2FhZGl3YWFkaS5jb20vcm95YWwtZW5maWVsZC1tb2RlbC13aXNlLXNhbGVzLWluLWZlYi0yMDIwLWNsYXNzaWMtYnVsbGV0LWhpbWFsYXlhbi_SAV9odHRwczovL2dhYWRpd2FhZGkuY29tL3JveWFsLWVuZmllbGQtbW9kZWwtd2lzZS1zYWxlcy1pbi1mZWItMjAyMC1jbGFzc2ljLWJ1bGxldC1oaW1hbGF5YW4vYW1wLw?hl=en-IN&gl=IN&ceid=IN%3Aen,Royal Enfield Domestic Sales And Exports Break Up - Feb 2020,Royal Enfield sales report as well as exports data for the month of Feb 2020 reveals interesting details about the performance of their motorcycles.,2020-03-24 07:36:43
./articles/CBMiaWh0dHBzOi8vd3d3LmFsdG5ld3MuaW4vaW1hZ2Utb2YtY292aWQtMTktdGVzdC1raXQtc2hhcmVkLWFzLW5ld2x5LWRldmVsb3BlZC1jb3JvbmF2aXJ1cy12YWNjaW5lLWJ5LXJvY2hlL9IBAA?hl=en-IN&gl=IN&ceid=IN%3Aen,Fact Check: Image of Covid-19 testing kit passed off as vaccine on social media,"If some social media users are to be believed, American scientists have already developed a cure for Covid-19. India Today Anti Fake News War Room (AFWA) ...",2020-03-23 10:03:08
./articles/CAIiELzRi7YKztH_rFpUFidl8PcqGQgEKhAIACoHCAowsLXdCjCm3dEBMOThpAM?hl=en-IN&gl=IN&ceid=IN%3Aen,IndusInd Bank shares tank 30% as Romesh Sobti retires as MD & CEO,Sumant Kathpalia will take over the reins from the veteran banker.,2020-03-24 05:07:00
./articles/CAIiEMtnRV_xLK0XmNierSlOgagqGQgEKhAIACoHCAowj8n_CjDIrfkCMNKc6AU?hl=en-IN&gl=IN&ceid=IN%3Aen,"As flights get cancelled amid COVID-19 crisis, airlines wonder where to park aircraft - Republic World","As several airlines grounded thousands of aircrafts amid the deadly coronavirus outbreak, they are facing an unprecedented problem finding a place to park ...",2020-03-24 11:03:20
./articles/CBMijQFodHRwczovL2F1dG8uaGluZHVzdGFudGltZXMuY29tL2F1dG8vbmV3cy9mcm9tLW1hcnV0aS10by1oeXVuZGFpLWNvcm9uYXZpcnVzLWluLWluZGlhLWZvcmNlcy1jYXJtYWtlcnMtdG8taGFsdC1wcm9kdWN0aW9uLTQxNTg0OTMyMTY1NjQ5Lmh0bWzSAZEBaHR0cHM6Ly9hdXRvLmhpbmR1c3RhbnRpbWVzLmNvbS9hdXRvL25ld3MvZnJvbS1tYXJ1dGktdG8taHl1bmRhaS1jb3JvbmF2aXJ1cy1pbi1pbmRpYS1mb3JjZXMtY2FybWFrZXJzLXRvLWhhbHQtcHJvZHVjdGlvbi9hbXAtNDE1ODQ5MzIxNjU2NDkuaHRtbA?hl=en-IN&gl=IN&ceid=IN%3Aen,Maruti Suzuki temporarily shuts production at Gujarat plant,NEW DELHI : Maruti Suzuki India (MSI) on Monday said Suzuki Motor Gujarat (MSG) has suspended production at its Gujarat-based plant to check the spread of ...,2020-03-23 14:27:09
./articles/CAIiEPvUFbqKAv8sG3PV5o3sGcgqGQgEKhAIACoHCAowlbCPCzCrzaIDMLbgrgY?hl=en-IN&gl=IN&ceid=IN%3Aen,"Gold more liquid, no credit risk amid pandemic: WGC","Gold is a clear complement to stocks, bonds and broad-based portfolios, as it is a hedge against systemic risk, currency depreciation and inflation, WGC said in ...",2020-03-24 08:33:57
./articles/CBMieWh0dHBzOi8vd3d3LmxpdmVtaW50LmNvbS9uZXdzL3dvcmxkL2luLWJpZC1mb3ItY29yb25hdmlydXMtdmFjY2luZS11LXMtZWFzZXMtYWNjZXNzLXRvLXN1cGVyY29tcHV0ZXJzLTExNTg0OTU1NTcyNDQ3Lmh0bWzSAX1odHRwczovL3d3dy5saXZlbWludC5jb20vbmV3cy93b3JsZC9pbi1iaWQtZm9yLWNvcm9uYXZpcnVzLXZhY2NpbmUtdS1zLWVhc2VzLWFjY2Vzcy10by1zdXBlcmNvbXB1dGVycy9hbXAtMTE1ODQ5NTU1NzI0NDcuaHRtbA?hl=en-IN&gl=IN&ceid=IN%3Aen,IBM supercomputers to be used in the global fight against Covid-19,IBM on Sunday announced a partnership with the US' White House Office of Science and Technology Policy and the Department of Energy to form a consortium ...,2020-03-23 07:07:00
./articles/CAIiEPjhR99BTNEic829I8kpCRoqGQgEKhAIACoHCAow2pqGCzD954MDMJzyigY?hl=en-IN&gl=IN&ceid=IN%3Aen,"[Global Insight] Why are stocks, oil prices continuing to crash?","Russia opted for an approach based on uncertainty in its decision to leave the OPEC-plus deal, but is it punching above its weight?",2020-03-24 00:33:08
./articles/CAIiEA8cqOeWcn5b_k1K1TCSgGcqGQgEKhAIACoHCAowot7cCjD8xM4BMJTu8gU?hl=en-IN&gl=IN&ceid=IN%3Aen,Amazon gives part-time warehouse workers paid time off after a group of them fought for it,It comes as legislators and workers have called out Amazon for failing to provide paid leave.,2020-03-23 23:36:55
./articles/CBMihAFodHRwczovL3d3dy5uZXdpbmRpYW5leHByZXNzLmNvbS9idXNpbmVzcy8yMDIwL21hci8yMy90aHJlZS1yZWFzb25zLXdoeS1zdG9jay1tYXJrZXRzLWNhbm5vdC1iZS1zaHV0LWRlc3BpdGUtYS1tZWx0ZG93bi0yMTIwNDQ1Lmh0bWzSAYMBaHR0cHM6Ly93d3cubmV3aW5kaWFuZXhwcmVzcy5jb20vYnVzaW5lc3MvMjAyMC9tYXIvMjMvdGhyZWUtcmVhc29ucy13aHktc3RvY2stbWFya2V0cy1jYW5ub3QtYmUtc2h1dC1kZXNwaXRlLWEtbWVsdGRvd24tMjEyMDQ0NS5hbXA?hl=en-IN&gl=IN&ceid=IN%3Aen,Exempt stock market entities from lockdown: Centre to states,The Centre has requested chief secretaries of all states to exempt services of Sebi-regulated stock market entities as well as related workforce from the purview ...,2020-03-23 16:31:05
./articles/CAIiEHmjrIQPICh2MOocfquWUk0qFwgEKg4IACoGCAowxLQ_MNevCDDl5KcG?hl=en-IN&gl=IN&ceid=IN%3Aen,Coronavirus forces SEBI to reduce compliance burden on market participants,SEBI is closely monitoring the movements in the domestic market and has been taking appropriate measures from time to time.,2020-03-23 17:27:00
./articles/CAIiEMzggHjYVzOaYCTRPs2W3c0qFQgEKg0IACoGCAow8KsBMMBFMPGBAg?hl=en-IN&gl=IN&ceid=IN%3Aen,Every second car to be electric globally in 2050: Study,"In 2050, every second car on the streets could be electric which would reduce global CO2 emissions by up to 1.5 gigatons per year -- equivalent to the total ...",2020-03-24 07:39:43
./articles/CBMiXWh0dHBzOi8vd3d3LmNhcmRla2hvLmNvbS9pbmRpYS1jYXItbmV3cy9oeXVuZGFpLWNyZXRhLXZzLW1nLWhlY3Rvci13aGljaC1zdXYtdG8tYnV5LTI1MzEyLmh0bdIBY2h0dHBzOi8vd3d3LmNhcmRla2hvLmNvbS9pbmRpYS1jYXItbmV3cy9oeXVuZGFpLWNyZXRhLXZzLW1nLWhlY3Rvci13aGljaC1zdXYtdG8tYnV5LTI1MzEyLmh0bT9hbXA9MQ?hl=en-IN&gl=IN&ceid=IN%3Aen,New-Gen Hyundai Creta Gets Shod With 18-Inch Tyres And Sporty Alloys,"While the lower trims of the new-gen Hyundai Creta get 16-inch steel wheels, the higher-end trims are offered with 17-inch alloy wheels.",2020-03-24 06:18:00
./articles/CAIiEIcHFubOpzMm99bir1SL2cgqGQgEKhAIACoHCAowy-iDCzCr6v8CMKuF9QU?hl=en-IN&gl=IN&ceid=IN%3Aen,"Bain Fund, BitMEX owner among funders of India crypto bourse","By Saritha Rai One of India's largest cryptocurrency exchanges, CoinDCX, has raised $3 million from backers including Bain Capital Ventures, signaling that ...",2020-03-24 03:25:32
./articles/CBMibWh0dHBzOi8vd3d3Lm5ld3NidGMuY29tLzIwMjAvMDMvMjMvZXRoZXJldW0tdGFwcy1rZXktcmVzaXN0YW5jZS1kdXJpbmctb3Zlcm5pZ2h0LXN1cmdlLXdpbGwtaXQtYnJlYWstdGhyb3VnaC_SAXFodHRwczovL3d3dy5uZXdzYnRjLmNvbS8yMDIwLzAzLzIzL2V0aGVyZXVtLXRhcHMta2V5LXJlc2lzdGFuY2UtZHVyaW5nLW92ZXJuaWdodC1zdXJnZS13aWxsLWl0LWJyZWFrLXRocm91Z2gvYW1wLw?hl=en-IN&gl=IN&ceid=IN%3Aen,Will Gold (and Maybe Bitcoin) Have Their Turning Point Like In 2008?,"The outbreak of the novel coronavirus caused a massive sell-off in traditional markets. However, cryptocurrencies also declined notably, causing many to.",2020-03-23 10:11:58
./articles/CAIiEEgEti3JRfZBLFOVdl0Luc8qGQgEKhAIACoHCAow2pqGCzD954MDMNCRmgY?hl=en-IN&gl=IN&ceid=IN%3Aen,"BigBasket app, site crashes amid surge in demand",New Delhi: Website and mobile app of online grocery seller BigBasket on Monday faced breakdown due to surge in demand amid the coronavirus outbreak.,2020-03-24 07:30:00
./articles/CAIiEKcDBweDREOyTALNIFbPvv4qGQgEKhAIACoHCAowsLXdCjCm3dEBMNS-swY?hl=en-IN&gl=IN&ceid=IN%3Aen,Coronavirus impact | Moody’s Analytics cautions about millions of job losses in coming weeks,"Things will get worse, indicates the latest report by Moody's Analytics on the economic shock of the global coronavirus (COVID-19) pandemic. “Millions of job ...",2020-03-24 10:38:10
./articles/CBMiS2h0dHBzOi8vd3d3LnRlY2hpbmFzaWEuY29tL3dld29yay1kZW1hbmRzLWNvbXBsZXRpb24tc29mdGJhbmstM2ItY29tbWl0bWVudNIBUGh0dHBzOi8vd3d3LnRlY2hpbmFzaWEuY29tL3dld29yay1kZW1hbmRzLWNvbXBsZXRpb24tc29mdGJhbmstM2ItY29tbWl0bWVudC9hbXAv?hl=en-IN&gl=IN&ceid=IN%3Aen,Masa Son unveils a $41 billion asset sale to silence his critics,"Son is trying to salvage his reputation as one of the worlds foremost tech investors, a name based largely on a prescient early bet on Alibaba, which grew to ...",2020-03-24 03:37:04
./articles/CAIiELCiRAWAYVhoQClrj6ISV6QqGQgEKhAIACoHCAow55veCjDzvdUBMIPh5gU?hl=en-IN&gl=IN&ceid=IN%3Aen,Reliance Jio launches Rs 251 work from home recharge plan,Reliance Jio has a new recharge plan for those working from home. This recharge plan comes with data benefits as users will be needing it even more now.,2020-03-24 05:27:00
./articles/CBMigQFodHRwczovL2F1dG8uaGluZHVzdGFudGltZXMuY29tL2F1dG8vbmV3cy9jb3JvbmF2aXJ1cy1pbXBhY3QtdGhpcy1jb21wYW55LXdpbGwtZGVsaXZlci1uZXctY2FyLWtleXMtYnktZHJvbmVzLTQxNTg0OTYwMTIxMDE1Lmh0bWzSAYUBaHR0cHM6Ly9hdXRvLmhpbmR1c3RhbnRpbWVzLmNvbS9hdXRvL25ld3MvY29yb25hdmlydXMtaW1wYWN0LXRoaXMtY29tcGFueS13aWxsLWRlbGl2ZXItbmV3LWNhci1rZXlzLWJ5LWRyb25lcy9hbXAtNDE1ODQ5NjAxMjEwMTUuaHRtbA?hl=en-IN&gl=IN&ceid=IN%3Aen,Geely Goes Full Touchless Delivering New Car Keys By Drone,"As the COVID-19 pandemic rips across the world, it's leaving businesses and entire economies in tatters. China's auto industry saw its sales drop by 79 percent ...",2020-03-23 18:29:09
./articles/CBMifWh0dHBzOi8vd3d3LmxpdmVtaW50LmNvbS9pbmR1c3RyeS9iYW5raW5nL2Nvcm9uYXZpcnVzLWxvY2tkb3duLWJhbmtzLW9wZW4tYnV0LXNvbWUtYnJhbmNoZXMtbWF5LWJlLWNsb3NlZC0xMTU4NDk0NDg0NzU4Mi5odG1s0gGBAWh0dHBzOi8vd3d3LmxpdmVtaW50LmNvbS9pbmR1c3RyeS9iYW5raW5nL2Nvcm9uYXZpcnVzLWxvY2tkb3duLWJhbmtzLW9wZW4tYnV0LXNvbWUtYnJhbmNoZXMtbWF5LWJlLWNsb3NlZC9hbXAtMTE1ODQ5NDQ4NDc1ODIuaHRtbA?hl=en-IN&gl=IN&ceid=IN%3Aen,"Coronavirus impact: Banks revise branch timings, push use of digital transactions","With strict curfews and lock downs imposed across the country to curb the spread of the coronavirus, banks are taking steps of their own to ensure safety of their ...",2020-03-24 05:19:00
./articles/CBMiUmh0dHBzOi8vZ2FhZGl3YWFkaS5jb20vbWFoaW5kcmEtc29sZC05My1kaWVzZWwtY2Fycy1pbi0yMDE5LXNjb3JwaW8tYm9sZXJvLXh1djUwMC_SAVZodHRwczovL2dhYWRpd2FhZGkuY29tL21haGluZHJhLXNvbGQtOTMtZGllc2VsLWNhcnMtaW4tMjAxOS1zY29ycGlvLWJvbGVyby14dXY1MDAvYW1wLw?hl=en-IN&gl=IN&ceid=IN%3Aen,BS6 Mahindra Bolero facelift priced from Rs 7.98 lakh,"Updated Bolero priced the same as the BS4 version; it gets *fresh* styling, a BS6 diesel engine, and complies with crash-test and pedestrian safety norms as well.",2020-03-24 05:50:00
./articles/CAIiEEWMy56P7UJZoQTDsJ4IztIqGAgEKg8IACoHCAow5v6PATDrwA8wleW5Bg?hl=en-IN&gl=IN&ceid=IN%3Aen,Newly approved novel coronavirus test gives results in 45 minutes,The test runs on the biotechnology company Cepheid's system. There are around 5000 of the systems in hospitals in the US. The United States needs to ramp ...,2020-03-23 20:06:38
./articles/CBMiYmh0dHBzOi8vd3d3LmdzbWFyZW5hLmNvbS9zYW1zdW5nX3RlbXBvcmFyaWx5X2Nsb3Nlc19pdHNfc21hcnRwaG9uZV9mYWN0b3J5X2luX2luZGlhLW5ld3MtNDIxNzIucGhw0gFfaHR0cHM6Ly9tLmdzbWFyZW5hLmNvbS9zYW1zdW5nX3RlbXBvcmFyaWx5X2Nsb3Nlc19pdHNfc21hcnRwaG9uZV9mYWN0b3J5X2luX2luZGlhLWFtcC00MjE3Mi5waHA?hl=en-IN&gl=IN&ceid=IN%3Aen,"Samsung, OPPO, Vivo temporarily suspend smartphone production in India due to COVID-19","Due to COVID-19, Samsung has shut its smartphones and electronics factories in India while Vivo and OPPO have also halted smartphone production ...",2020-03-23 15:49:56
./articles/CBMinAFodHRwczovL3d3dy5tb25leWNvbnRyb2wuY29tL25ld3MvdHJlbmRzL2hlYWx0aC10cmVuZHMvY29yb25hdmlydXMtcGFuZGVtaWMtbWFoaW5kcmEtZmFjdG9yaWVzLXRvLW1hbnVmYWN0dXJlLXZlbnRpbGF0b3JzLWZvci1jb3ZpZC0xOS1wYXRpZW50cy01MDYxMjAxLmh0bWzSAaABaHR0cHM6Ly93d3cubW9uZXljb250cm9sLmNvbS9uZXdzL3RyZW5kcy9oZWFsdGgtdHJlbmRzL2Nvcm9uYXZpcnVzLXBhbmRlbWljLW1haGluZHJhLWZhY3Rvcmllcy10by1tYW51ZmFjdHVyZS12ZW50aWxhdG9ycy1mb3ItY292aWQtMTktcGF0aWVudHMtNTA2MTIwMS5odG1sL2FtcA?hl=en-IN&gl=IN&ceid=IN%3Aen,Coronavirus: Anand Mahindra donates full salary to set up fund,"Mahindra Group chairman Anand Mahindra took to Twitter to offer help to the government, in a bid to strengthen the efforts to combat the novel coronavirus, ...",2020-03-23 09:13:43
./articles/CBMiemh0dHBzOi8vd3d3LnRoZW5ld3NtaW51dGUuY29tL2FydGljbGUvY292aWQtMTktbXV0dWFsLWZ1bmRzLWJvZHktd3JpdGVzLXNlYmktb3Zlci1kaXNydXB0aW9ucy1hc2tzLXJlbGF4YXRpb24tbm9ybXMtMTIwOTk50gF-aHR0cHM6Ly93d3cudGhlbmV3c21pbnV0ZS5jb20vYXJ0aWNsZS9jb3ZpZC0xOS1tdXR1YWwtZnVuZHMtYm9keS13cml0ZXMtc2ViaS1vdmVyLWRpc3J1cHRpb25zLWFza3MtcmVsYXhhdGlvbi1ub3Jtcy0xMjA5OTk_YW1w?hl=en-IN&gl=IN&ceid=IN%3Aen,"Coronavirus Outbreak: SEBI eases compliance requirements for stock brokers, mutual funds; says closely...","New Delhi: In a bid to reduce compliance burden on market participants, SEBI on Monday provided various relaxations to stock brokers and mutual fund houses, ...",2020-03-24 05:43:29
./articles/CBMipgFodHRwczovL3d3dy5tb25leWNvbnRyb2wuY29tL25ld3MvYnVzaW5lc3MvbWFya2V0cy9jb3ZpZC0xOS1pbXBhY3QtanViaWxhbnQtZm9vZC1zdXNwZW5kcy1kaW5lLWluLWZhY2lsaXR5LWFjcm9zcy1kb21pbm9zLXBpenphLXJlc3RhdXJhbnRzLXNoYXJlcy1mYWxsLTgtNTA2NTQ4MS5odG1s0gGqAWh0dHBzOi8vd3d3Lm1vbmV5Y29udHJvbC5jb20vbmV3cy9idXNpbmVzcy9tYXJrZXRzL2NvdmlkLTE5LWltcGFjdC1qdWJpbGFudC1mb29kLXN1c3BlbmRzLWRpbmUtaW4tZmFjaWxpdHktYWNyb3NzLWRvbWlub3MtcGl6emEtcmVzdGF1cmFudHMtc2hhcmVzLWZhbGwtOC01MDY1NDgxLmh0bWwvYW1w?hl=en-IN&gl=IN&ceid=IN%3Aen,Coronavirus impact: Dine-in facilities suspended across all Domino's outlets,"India's largest pizza chain, Domino's, operated by Jubilant FoodWorks Ltd, on Monday suspended dine-in facility at its restaurants across the country to control ...",2020-03-24 03:29:35
./articles/CBMiQmh0dHBzOi8vd3d3LnJ1c2hsYW5lLmNvbS9qYXdhLXBlcmFrLWRlbGl2ZXJpZXMtZGVsYXktMTIzNTcwNTMuaHRtbNIBRmh0dHBzOi8vd3d3LnJ1c2hsYW5lLmNvbS9qYXdhLXBlcmFrLWRlbGl2ZXJpZXMtZGVsYXktMTIzNTcwNTMuaHRtbC9hbXA?hl=en-IN&gl=IN&ceid=IN%3Aen,"Jawa Perak deliveries delayed indefinitely, sales won’t begin on 2 April",The deliveries of the Jawa Perak have been indefinitely delayed and its sales won't begin on 2 April 2020 as promised due to the COVID-19 pandemic.,2020-03-24 05:00:12
./articles/CBMiXGh0dHBzOi8vZ2FhZGl3YWFkaS5jb20vaGJ4LWhvcm5iaWxsLXdpbGwtY29tcGxldGUtdGF0YXMtdm9sdW1lLWJhc2VkLXN1di1saW5ldXAtdXBvbi1sYXVuY2gv0gFgaHR0cHM6Ly9nYWFkaXdhYWRpLmNvbS9oYngtaG9ybmJpbGwtd2lsbC1jb21wbGV0ZS10YXRhcy12b2x1bWUtYmFzZWQtc3V2LWxpbmV1cC11cG9uLWxhdW5jaC9hbXAv?hl=en-IN&gl=IN&ceid=IN%3Aen,Hyundai Creta vs Tata Harrier: Which SUV To Buy?,"Where the Creta is available with both petrol and diesel engines, the Harrier is a diesel-only offering.",2020-03-23 02:30:00
./articles/CAIiELx8nNTdJ__KJyMHnW360L0qGQgEKhAIACoHCAowqvSQCzD0nKUDMM3htQY?hl=en-IN&gl=IN&ceid=IN%3Aen,"Visit Bank Only If Absolute Necessity, Urges IBA","With the impact of Coronavirus being felt across the country the Indian Banks' Association (IBA) has urged everyone, to visit the branch premise only in case of ...",2020-03-24 08:34:54
./articles/CBMioAFodHRwczovL2Vjb25vbWljdGltZXMuaW5kaWF0aW1lcy5jb20vbWFya2V0cy9zdG9ja3MvbmV3cy91dGlsaXRpZXMtc3RheS10cnVlLXRvLXRoZWlyLW5hbWUtcmVwZWF0LTIwMDgtb3V0cGVyZm9ybWFuY2UtaW4tYW5vdGhlci1jcmlzaXMvYXJ0aWNsZXNob3cvNzQ3ODQ2MjUuY21z0gGbAWh0dHBzOi8vbS5lY29ub21pY3RpbWVzLmNvbS9tYXJrZXRzL3N0b2Nrcy9uZXdzL3V0aWxpdGllcy1zdGF5LXRydWUtdG8tdGhlaXItbmFtZS1yZXBlYXQtMjAwOC1vdXRwZXJmb3JtYW5jZS1pbi1hbm90aGVyLWNyaXNpcy9hbXBfYXJ0aWNsZXNob3cvNzQ3ODQ2MjUuY21z?hl=en-IN&gl=IN&ceid=IN%3Aen,"NTPC, Coal India, SJVN: Safest stocks to buy amid coronavirus-led market sell-off","New Delhi: In the ongoing market sell-off led by fears over the economic impact of coronavirus outbreak, utilities have outperformed benchmark indices. During ...",2020-03-24 08:22:48
./articles/CBMihQFodHRwczovL3d3dy5pbnZlc3RpbmcuY29tL25ld3Mvc3RvY2stbWFya2V0LW5ld3Mvd2FsbC1zdHJlZXQtb2ZmLWxvd3MtdXMtbGF3bWFrZXJzLXJlcG9ydGVkbHktbmVhcmx5LWRlYWwtb24tc3RpbXVsdXMtcGFja2FnZS0yMTE4OTI30gEA?hl=en-IN&gl=IN&ceid=IN%3Aen,Dow dives 582 points as impatience over pending coronavirus bill outweighs new Fed stimulus,"Major US stock indexes slid on Monday, even after the Federal Reserve announced plans to further support economic activity amid the growing coro...",2020-03-23 20:09:37
./articles/CBMia2h0dHBzOi8vd3d3LmNuYmN0djE4LmNvbS9tYXJrZXQvc3RvY2tzL3R1ZXNkYXlzLWJpZ2dlc3QtYnJva2VyYWdlLWNhbGxzLWhkZmMtYmFuay1pZ2wtYW5kLW1vcmUtNTU0MjgxMS5odG0v0gFuaHR0cHM6Ly93d3cuY25iY3R2MTguY29tL21hcmtldC9zdG9ja3MvdHVlc2RheXMtYmlnZ2VzdC1icm9rZXJhZ2UtY2FsbHMtaGRmYy1iYW5rLWlnbC1hbmQtbW9yZS01NTQyODExLmh0bS9hbXA?hl=en-IN&gl=IN&ceid=IN%3Aen,Indraprastha Gas jumps 7% as Morgan Stanley keeps overweight rating,Indraprastha Gas share price added 7 percent intraday on March 24 as Morgan Stanley maintained overweight rating on the stock with a target of Rs 471 per ...,2020-03-24 07:47:00
./articles/CAIiEM1byJiofXZDCt_iG3PMdOIqGQgEKhAIACoHCAow55veCjDzvdUBMIPh5gU?hl=en-IN&gl=IN&ceid=IN%3Aen,Flying in corona times set to get more spacious - ​Right time to fly?,"The government has advised against all non-essential travel during the pandemic, that said, if you have to fly due to unavoidable circumstances the DGCA is ...",2020-03-23 09:20:00
./articles/CBMiN2h0dHBzOi8vc2ltcGxlZmx5aW5nLmNvbS9zaW5nYXBvcmUtYWlybGluZXMtOS1haXJjcmFmdC_SATtodHRwczovL3NpbXBsZWZseWluZy5jb20vc2luZ2Fwb3JlLWFpcmxpbmVzLTktYWlyY3JhZnQvYW1wLw?hl=en-IN&gl=IN&ceid=IN%3Aen,"COVID-19: Singapore Airlines slashes capacity by 96%, grounds 138 of 147 planes",Singapore Airlines announced on March 23 that it would cut capacity by 96 percent and ground almost all of its fleet in response to coronavirus travel restrictions ...,2020-03-23 13:27:23
./articles/CAIiED1091b105lnufONlGdcWHEqGQgEKhAIACoHCAow5qqNCzD4q58DMNXIpwY?hl=en-IN&gl=IN&ceid=IN%3Aen,"UAE halts all flights, Saudi Arabia imposes curfew",Dubai/Riyadh: The United Arab Emirates (UAE) and Saudi Arabia on Monday imposed more restrictions on flights and citizens activities in a bid to curb the.,2020-03-23 12:03:42
./articles/CAIiEJPt-zk3Ri_YRQ1VfdGSXUYqGQgEKhAIACoHCAow2pqGCzD954MDMNCRzgY?hl=en-IN&gl=IN&ceid=IN%3Aen,IT Captives Witnessing Project Delays Due To COVID-19 Lockdown,Indian technology captives see projects delayed as the country imposes lockdown to stem the spread of coronavirus (Covid-19).,2020-03-24 07:44:44
./articles/CAIiEPaHlZzbCjqO0aceWnYlxkkqFAgEKg0IACoGCAowlIEBMLEXMOc_?hl=en-IN&gl=IN&ceid=IN%3Aen,Netflix Lowers Video Quality in India to Reduce Network Stress Amid Pandemic,"Following a request from an industry body, Netflix has decided to lower video quality in India for the next 30 days, to reduce traffic on mobile and broadband ...",2020-03-24 06:45:51
